round,train_loss,eval_loss,eta
0,2.006354,2.000237,0.001
1,2.006338,2.000219,0.001
2,2.006322,2.000201,0.00105
2,2.006322,2.000201,0.00105
3,2.006322,2.000201,0.0011025
4,2.006297,2.000175,0.0011025
4,2.006297,2.000175,0.0011025
5,2.006297,2.000175,0.0011025
6,2.006284,2.000163,0.0011025
6,2.006284,2.000163,0.00105
7,2.006284,2.000163,0.00105
8,2.006273,2.000152,0.0011025
8,2.006273,2.000152,0.00115763
9,2.006273,2.000152,0.00115763
10,2.006273,2.000152,0.00121551
11,2.006264,2.000144,0.00121551
11,2.006264,2.000144,0.00121551
12,2.006264,2.000144,0.00121551
13,2.006256,2.000134,0.00121551
13,2.006256,2.000134,0.00127628
14,2.006256,2.000134,0.00127628
15,2.006215,2.000089,0.00127628
16,2.006202,2.000076,0.0013401
17,2.006190,2.000064,0.0013401
17,2.006190,2.000064,0.00127628
18,2.006190,2.000064,0.0013401
19,2.006175,2.000051,0.0013401
19,2.006175,2.000051,0.0014071
20,2.006175,2.000051,0.0014071
21,2.006128,2.000003,0.00147746
22,2.006113,1.999987,0.00147746
23,2.006090,1.999964,0.00155133
23,2.006090,1.999964,0.00147746
24,2.006090,1.999964,0.00155133
25,2.006045,1.999918,0.00155133
25,2.006045,1.999918,0.00147746
26,2.006045,1.999918,0.00155133
27,2.005993,1.999868,0.00155133
28,2.005976,1.999847,0.00147746
28,2.005976,1.999847,0.0014071
29,2.005976,1.999847,0.00147746
30,2.005937,1.999807,0.00147746
30,2.005937,1.999807,0.0014071
31,2.005937,1.999807,0.0014071
32,2.005918,1.999785,0.00147746
33,2.005910,1.999777,0.0014071
34,2.005889,1.999757,0.00147746
34,2.005889,1.999757,0.0014071
35,2.005889,1.999757,0.00147746
36,2.005872,1.999737,0.00147746
36,2.005872,1.999737,0.00155133
37,2.005872,1.999737,0.00155133
38,2.005813,1.999682,0.00162889
39,2.005798,1.999669,0.00155133
39,2.005798,1.999669,0.00147746
40,2.005798,1.999669,0.00147746
41,2.005766,1.999637,0.00155133
41,2.005766,1.999637,0.00162889
42,2.005766,1.999637,0.00171034
43,2.005713,1.999586,0.00171034
44,2.005663,1.999537,0.00162889
45,2.005623,1.999497,0.00171034
45,2.005623,1.999497,0.00162889
46,2.005623,1.999497,0.00162889
47,2.005584,1.999459,0.00171034
47,2.005584,1.999459,0.00179586
48,2.005584,1.999459,0.00188565
49,2.005533,1.999408,0.00179586
50,2.005507,1.999381,0.00179586
50,2.005507,1.999381,0.00188565
51,2.005507,1.999381,0.00188565
52,2.005478,1.999352,0.00197993
52,2.005478,1.999352,0.00207893
53,2.005478,1.999352,0.00218287
54,2.005429,1.999303,0.00218287
55,2.005412,1.999284,0.00229202
55,2.005412,1.999284,0.00218287
56,2.005412,1.999284,0.00218287
57,2.005356,1.999228,0.00229202
57,2.005356,1.999228,0.00218287
58,2.005356,1.999228,0.00218287
59,2.005316,1.999193,0.00229202
60,2.005275,1.999153,0.00240662
61,2.005239,1.999117,0.00252695
61,2.005239,1.999117,0.00240662
62,2.005239,1.999117,0.00252695
63,2.005166,1.999042,0.00252695
63,2.005166,1.999042,0.0026533
64,2.005166,1.999042,0.00278596
65,2.005130,1.999009,0.00278596
66,2.005049,1.998921,0.00292526
66,2.005049,1.998921,0.00278596
67,2.005049,1.998921,0.00278596
68,2.005013,1.998882,0.00292526
68,2.005013,1.998882,0.00307152
69,2.005013,1.998882,0.0032251
70,2.004967,1.998833,0.0032251
71,2.004949,1.998819,0.00307152
72,2.004881,1.998762,0.0032251
72,2.004881,1.998762,0.00307152
73,2.004881,1.998762,0.00307152
74,2.004852,1.998739,0.0032251
74,2.004852,1.998739,0.00338635
75,2.004852,1.998739,0.00355567
76,2.004761,1.998652,0.00355567
77,2.004653,1.998535,0.00338635
77,2.004653,1.998535,0.00355567
78,2.004653,1.998535,0.00373346
79,2.004580,1.998464,0.00373346
79,2.004580,1.998464,0.00355567
80,2.004580,1.998464,0.00355567
81,2.004506,1.998393,0.00373346
82,2.004443,1.998335,0.00355567
83,2.004345,1.998233,0.00338635
83,2.004345,1.998233,0.00355567
84,2.004345,1.998233,0.00355567
85,2.004286,1.998177,0.00373346
85,2.004286,1.998177,0.00355567
86,2.004286,1.998177,0.00373346
87,2.004257,1.998147,0.00373346
88,2.004208,1.998093,0.00392013
88,2.004208,1.998093,0.00373346
89,2.004208,1.998093,0.00373346
90,2.004177,1.998066,0.00392013
90,2.004177,1.998066,0.00373346
91,2.004177,1.998066,0.00373346
92,2.004072,1.997956,0.00392013
93,2.003961,1.997852,0.00373346
94,2.003868,1.997767,0.00355567
94,2.003868,1.997767,0.00338635
95,2.003868,1.997767,0.00355567
96,2.003800,1.997702,0.00355567
96,2.003800,1.997702,0.00338635
97,2.003800,1.997702,0.00355567
98,2.003792,1.997694,0.00338635
99,2.003738,1.997643,0.00338635
99,2.003738,1.997643,0.00355567
100,2.003738,1.997643,0.00373346
101,2.003659,1.997569,0.00373346
101,2.003659,1.997569,0.00392013
102,2.003659,1.997569,0.00411614
103,2.003533,1.997446,0.00411614
104,2.003505,1.997419,0.00392013
104,2.003505,1.997419,0.00373346
105,2.003505,1.997419,0.00392013
106,2.003469,1.997380,0.00392013
106,2.003469,1.997380,0.00373346
107,2.003469,1.997380,0.00373346
108,2.003392,1.997299,0.00392013
109,2.003375,1.997287,0.00411614
110,2.003293,1.997208,0.00392013
110,2.003293,1.997208,0.00411614
111,2.003293,1.997208,0.00432194
112,2.003223,1.997146,0.00432194
112,2.003223,1.997146,0.00411614
113,2.003223,1.997146,0.00432194
114,2.003104,1.997033,0.00432194
115,2.003030,1.996965,0.00411614
115,2.003030,1.996965,0.00392013
116,2.003030,1.996965,0.00411614
117,2.002974,1.996903,0.00411614
117,2.002974,1.996903,0.00392013
118,2.002974,1.996903,0.00411614
119,2.002901,1.996828,0.00411614
120,2.002857,1.996785,0.00432194
120,2.002857,1.996785,0.00411614
121,2.002857,1.996785,0.00411614
122,2.002733,1.996651,0.00432194
122,2.002733,1.996651,0.00453804
123,2.002733,1.996651,0.00453804
124,2.002534,1.996459,0.00476494
125,2.002520,1.996446,0.00500319
126,2.002483,1.996412,0.00525335
126,2.002483,1.996412,0.00500319
127,2.002483,1.996412,0.00525335
128,2.002446,1.996374,0.00525335
128,2.002446,1.996374,0.00500319
129,2.002446,1.996374,0.00500319
130,2.002376,1.996313,0.00525335
131,2.002177,1.996128,0.00551602
131,2.002177,1.996128,0.00579182
132,2.002177,1.996128,0.00579182
133,2.002072,1.996031,0.00608141
133,2.002072,1.996031,0.00579182
134,2.002072,1.996031,0.00608141
135,2.002028,1.995989,0.00608141
136,2.001923,1.995883,0.00638548
137,2.001833,1.995805,0.00608141
137,2.001833,1.995805,0.00638548
138,2.001833,1.995805,0.00638548
139,2.001638,1.995603,0.00670475
139,2.001638,1.995603,0.00703999
140,2.001638,1.995603,0.00703999
141,2.001568,1.995526,0.00739199
142,2.001454,1.995414,0.00776159
142,2.001454,1.995414,0.00814967
143,2.001454,1.995414,0.00814967
144,2.001175,1.995127,0.00855715
144,2.001175,1.995127,0.00814967
145,2.001175,1.995127,0.00855715
146,2.000995,1.994941,0.00855715
147,2.000922,1.994873,0.00814967
148,2.000753,1.994708,0.00855715
148,2.000753,1.994708,0.00814967
149,2.000753,1.994708,0.00855715
150,2.000600,1.994547,0.00855715
150,2.000600,1.994547,0.00814967
151,2.000600,1.994547,0.00855715
152,2.000487,1.994440,0.00855715
153,2.000383,1.994351,0.00814967
153,2.000383,1.994351,0.00776159
154,2.000383,1.994351,0.00776159
155,2.000201,1.994171,0.00814967
155,2.000201,1.994171,0.00776159
156,2.000201,1.994171,0.00814967
157,2.000100,1.994066,0.00814967
157,2.000100,1.994066,0.00776159
158,2.000100,1.994066,0.00814967
158,2.000100,1.994066,0.00814967
159,2.000100,1.994066,0.00855715
159,2.000100,1.994066,0.00855715
160,2.000100,1.994066,0.00898501
160,2.000100,1.994066,0.00898501
161,2.000100,1.994066,0.00943426
162,2.000100,1.994066,0.00990597
162,2.000100,1.994066,0.00990597
163,2.000100,1.994066,0.0104013
163,2.000100,1.994066,0.0104013
164,2.000100,1.994066,0.0109213
164,2.000100,1.994066,0.0109213
165,2.000100,1.994066,0.0114674
166,2.000100,1.994066,0.0120408
166,2.000100,1.994066,0.0120408
167,2.000100,1.994066,0.0126428
167,2.000100,1.994066,0.0126428
168,2.000100,1.994066,0.0120408
168,2.000100,1.994066,0.0120408
169,2.000100,1.994066,0.0114674
170,1.999974,1.993933,0.0114674
170,1.999974,1.993933,0.0109213
171,1.999974,1.993933,0.0104013
171,1.999974,1.993933,0.0104013
172,1.999974,1.993933,0.00990597
172,1.999974,1.993933,0.00990597
173,1.999974,1.993933,0.00943426
173,1.999974,1.993933,0.00943426
174,1.999974,1.993933,0.00898501
175,1.999974,1.993933,0.00855715
175,1.999974,1.993933,0.00855715
176,1.999974,1.993933,0.00814967
176,1.999974,1.993933,0.00814967
177,1.999974,1.993933,0.00776159
177,1.999974,1.993933,0.00776159
178,1.999974,1.993933,0.00739199
179,1.999974,1.993933,0.00703999
179,1.999974,1.993933,0.00703999
179,1.999974,1.993933,0.00703999
179,1.999974,1.993933,0.00703999
179,1.999974,1.993933,0.00703999
179,1.999974,1.993933,0.00703999
179,1.999974,1.993933,0.00703999
179,1.999974,1.993933,0.00703999
179,1.999974,1.993933,0.00703999
179,1.999974,1.993933,0.00703999
179,1.999974,1.993933,0.00703999
179,1.999974,1.993933,0.00703999
179,1.999974,1.993933,0.00703999
179,1.999974,1.993933,0.00703999
179,1.999974,1.993933,0.00703999
179,1.999974,1.993933,0.00703999
179,1.999974,1.993933,0.00703999
179,1.999974,1.993933,0.00703999
179,1.999974,1.993933,0.00703999
179,1.999974,1.993933,0.00703999
179,1.999974,1.993933,0.00703999
179,1.999974,1.993933,0.00703999
179,1.999974,1.993933,0.00703999
179,1.999974,1.993933,0.00703999
179,1.999974,1.993933,0.00703999
179,1.999974,1.993933,0.00703999
179,1.999974,1.993933,0.00703999
179,1.999974,1.993933,0.00703999
179,1.999974,1.993933,0.00703999
179,1.999974,1.993933,0.00703999
179,1.999974,1.993933,0.00703999
179,1.999974,1.993933,0.00703999
179,1.999974,1.993933,0.00703999
179,1.999974,1.993933,0.00703999
179,1.999974,1.993933,0.00703999
179,1.999974,1.993933,0.00703999
179,1.999974,1.993933,0.00703999
179,1.999974,1.993933,0.00703999
179,1.999974,1.993933,0.00703999
179,1.999974,1.993933,0.00703999
179,1.999974,1.993933,0.00703999
179,1.999974,1.993933,0.00703999
179,1.999974,1.993933,0.00703999
179,1.999974,1.993933,0.00703999
179,1.999974,1.993933,0.00703999
179,1.999974,1.993933,0.00703999
